{"cameraMode":{"drawMode":0,"name":"Shaded","section":"Shading Mode"},"sceneLighting":false,"audioPlay":false,"sceneViewState":{"m_AlwaysRefresh":false,"showFog":true,"showSkybox":false,"showFlares":true,"showImageEffects":true,"showParticleSystems":true,"showVisualEffectGraphs":true,"m_FxEnabled":true},"in2DMode":false,"pivot":{"x":8.331413269042969,"y":2.1642379760742189,"z":10.42907428741455},"rotation":{"x":-0.007222248241305351,"y":0.9750300645828247,"z":-0.032192960381507876,"w":-0.21975868940353394},"size":0.8660253882408142,"orthographic":false}