{"cameraMode":{"drawMode":0,"name":"Shaded","section":"Shading Mode"},"sceneLighting":true,"audioPlay":false,"sceneViewState":{"m_AlwaysRefresh":true,"showFog":true,"showSkybox":true,"showFlares":true,"showImageEffects":true,"showParticleSystems":true,"showVisualEffectGraphs":true,"m_FxEnabled":true},"in2DMode":false,"pivot":{"x":-0.6243696212768555,"y":-0.1087799072265625,"z":0.03987252712249756},"rotation":{"x":0.47776398062705996,"y":-0.521852970123291,"z":0.48557043075561526,"w":0.5134628415107727},"size":48.36274337768555,"orthographic":false}