{"cameraMode":{"drawMode":0,"name":"Shaded","section":"Shading Mode"},"sceneLighting":true,"audioPlay":false,"sceneViewState":{"m_AlwaysRefresh":false,"showFog":true,"showSkybox":true,"showFlares":true,"showImageEffects":true,"showParticleSystems":true,"showVisualEffectGraphs":true,"m_FxEnabled":true},"in2DMode":false,"pivot":{"x":15.523788452148438,"y":3.7508623600006105,"z":6.9698686599731449},"rotation":{"x":-0.07930751144886017,"y":0.3688235580921173,"z":0.03168327733874321,"w":0.925622284412384},"size":4.629133224487305,"orthographic":false}